<?xml version="1.0" encoding="UTF-8"?>
<metadata xml:lang="en"><Esri><CreaDate>20130628</CreaDate><CreaTime>16004900</CreaTime><ArcGISFormat>1.0</ArcGISFormat><SyncOnce>TRUE</SyncOnce><DataProperties><lineage><Process ToolSource="C:\Program Files\ArcGIS\Desktop10.0\ArcToolbox\Toolboxes\Data Management Tools.tbx\Project" Date="20130628" Time="111851">Project Placemarks_point "C:\Documents and Settings\afraint\Desktop\PYTHON\cityracks.gdb\city_racks" PROJCS['NAD_1983_StatePlane_New_York_Long_Island_FIPS_3104_Feet',GEOGCS['GCS_North_American_1983',DATUM['D_North_American_1983',SPHEROID['GRS_1980',6378137.0,298.257222101]],PRIMEM['Greenwich',0.0],UNIT['Degree',0.0174532925199433]],PROJECTION['Lambert_Conformal_Conic'],PARAMETER['False_Easting',984250.0],PARAMETER['False_Northing',0.0],PARAMETER['Central_Meridian',-74.0],PARAMETER['Standard_Parallel_1',40.66666666666666],PARAMETER['Standard_Parallel_2',41.03333333333333],PARAMETER['Latitude_Of_Origin',40.16666666666666],UNIT['Foot_US',0.3048006096012192]] NAD_1983_To_WGS_1984_1 GEOGCS['GCS_WGS_1984',DATUM['D_WGS_1984',SPHEROID['WGS_1984',6378137.0,298.257223563]],PRIMEM['Greenwich',0.0],UNIT['Degree',0.0174532925199433]]</Process></lineage></DataProperties></Esri></metadata>
